Indicator,Economy,Unit of Measure,2000,2001,2002,2003,2004,2005,2006,2007,2008,2009,2010,2011,2012,2013,2014,2015,2016,2017,2018,2019,2020,2021,2022,2023,2024,2025,Definition,Data Coverage,Calendar Year,Base Year,Source,Footnotes
Corruption Perceptions Index,Central and West Asia,,...,...,...,...,...,...,...,...,...,...,...,...,...,...,...,...,...,...,...,...,...,...,...,...,...,...,,,,,,
Corruption Perceptions Index,Afghanistan,Score,...,...,...,...,...,2.5,...,1.8,1.5,1.3,1.4,1.5,8,8,12,11,15,15,16,16,19,16,24,20,17,...,"This index scores and ranks economies and territories based on how corrupt their public sector is perceived to be by experts and business executives. It is a composite index, a combination of surveys and assessments of corruption, collected by a variety of reputable institutions. The Corruption Perceptions Index draws on 13 data sources from 12 independent institutions specialising in governance and business climate analysis. From 2000 to 2011, scores ranged from 10 (highly clean) to 0 (highly corrupt). From 2012 onward, calculation of the score has used an updated methodology and is now presented on a scale from 100 (very clean) to 0 (highly corrupt). Due to this difference in methodology, scores from years prior to and including 2011 should not be compared with scores from 2012 onward. An economy's rank indicates its position relative to the other economies or territories included in the index. It is important to keep in mind that an economy’s rank can change simply because new economies enter the index or others drop out.",From 2000 to 2025,,,Transparency International,
Corruption Perceptions Index,Armenia,Score,2.5,...,...,3,3.1,2.9,2.9,3,2.9,2.7,2.6,2.6,34,36,37,35,33,35,35,42,49,49,46,47,47,...,"This index scores and ranks economies and territories based on how corrupt their public sector is perceived to be by experts and business executives. It is a composite index, a combination of surveys and assessments of corruption, collected by a variety of reputable institutions. The Corruption Perceptions Index draws on 13 data sources from 12 independent institutions specialising in governance and business climate analysis. From 2000 to 2011, scores ranged from 10 (highly clean) to 0 (highly corrupt). From 2012 onward, calculation of the score has used an updated methodology and is now presented on a scale from 100 (very clean) to 0 (highly corrupt). Due to this difference in methodology, scores from years prior to and including 2011 should not be compared with scores from 2012 onward. An economy's rank indicates its position relative to the other economies or territories included in the index. It is important to keep in mind that an economy’s rank can change simply because new economies enter the index or others drop out.",From 2000 to 2025,,,Transparency International,
Corruption Perceptions Index,Azerbaijan,Score,1.5,2,2,1.8,1.9,2.2,2.4,2.1,1.9,2.3,2.4,2.4,27,28,29,29,30,31,25,30,30,30,23,23,22,...,"This index scores and ranks economies and territories based on how corrupt their public sector is perceived to be by experts and business executives. It is a composite index, a combination of surveys and assessments of corruption, collected by a variety of reputable institutions. The Corruption Perceptions Index draws on 13 data sources from 12 independent institutions specialising in governance and business climate analysis. From 2000 to 2011, scores ranged from 10 (highly clean) to 0 (highly corrupt). From 2012 onward, calculation of the score has used an updated methodology and is now presented on a scale from 100 (very clean) to 0 (highly corrupt). Due to this difference in methodology, scores from years prior to and including 2011 should not be compared with scores from 2012 onward. An economy's rank indicates its position relative to the other economies or territories included in the index. It is important to keep in mind that an economy’s rank can change simply because new economies enter the index or others drop out.",From 2000 to 2025,,,Transparency International,
Corruption Perceptions Index,Georgia,Score,...,...,2.4,1.8,2,2.3,2.8,3.4,3.9,4.1,3.8,4.1,52,49,52,52,57,56,58,56,56,55,56,53,53,...,"This index scores and ranks economies and territories based on how corrupt their public sector is perceived to be by experts and business executives. It is a composite index, a combination of surveys and assessments of corruption, collected by a variety of reputable institutions. The Corruption Perceptions Index draws on 13 data sources from 12 independent institutions specialising in governance and business climate analysis. From 2000 to 2011, scores ranged from 10 (highly clean) to 0 (highly corrupt). From 2012 onward, calculation of the score has used an updated methodology and is now presented on a scale from 100 (very clean) to 0 (highly corrupt). Due to this difference in methodology, scores from years prior to and including 2011 should not be compared with scores from 2012 onward. An economy's rank indicates its position relative to the other economies or territories included in the index. It is important to keep in mind that an economy’s rank can change simply because new economies enter the index or others drop out.",From 2000 to 2025,,,Transparency International,
Corruption Perceptions Index,Kazakhstan,Score,3,2.7,2.3,2.4,2.2,2.6,2.6,2.1,2.2,2.7,2.9,2.7,28,26,29,28,29,31,31,34,38,37,36,39,40,...,"This index scores and ranks economies and territories based on how corrupt their public sector is perceived to be by experts and business executives. It is a composite index, a combination of surveys and assessments of corruption, collected by a variety of reputable institutions. The Corruption Perceptions Index draws on 13 data sources from 12 independent institutions specialising in governance and business climate analysis. From 2000 to 2011, scores ranged from 10 (highly clean) to 0 (highly corrupt). From 2012 onward, calculation of the score has used an updated methodology and is now presented on a scale from 100 (very clean) to 0 (highly corrupt). Due to this difference in methodology, scores from years prior to and including 2011 should not be compared with scores from 2012 onward. An economy's rank indicates its position relative to the other economies or territories included in the index. It is important to keep in mind that an economy’s rank can change simply because new economies enter the index or others drop out.",From 2000 to 2025,,,Transparency International,
Corruption Perceptions Index,Kyrgyz Republic,Score,...,...,...,2.1,2.2,2.3,2.2,2.1,1.8,1.9,2,2.1,24,24,27,28,28,29,29,30,31,27,27,26,25,...,"This index scores and ranks economies and territories based on how corrupt their public sector is perceived to be by experts and business executives. It is a composite index, a combination of surveys and assessments of corruption, collected by a variety of reputable institutions. The Corruption Perceptions Index draws on 13 data sources from 12 independent institutions specialising in governance and business climate analysis. From 2000 to 2011, scores ranged from 10 (highly clean) to 0 (highly corrupt). From 2012 onward, calculation of the score has used an updated methodology and is now presented on a scale from 100 (very clean) to 0 (highly corrupt). Due to this difference in methodology, scores from years prior to and including 2011 should not be compared with scores from 2012 onward. An economy's rank indicates its position relative to the other economies or territories included in the index. It is important to keep in mind that an economy’s rank can change simply because new economies enter the index or others drop out.",From 2000 to 2025,,,Transparency International,
Corruption Perceptions Index,Pakistan,Score,...,2.3,2.6,2.5,2.1,2.1,2.2,2.4,2.5,2.4,2.3,2.5,27,28,29,30,32,32,33,32,31,28,27,29,27,...,"This index scores and ranks economies and territories based on how corrupt their public sector is perceived to be by experts and business executives. It is a composite index, a combination of surveys and assessments of corruption, collected by a variety of reputable institutions. The Corruption Perceptions Index draws on 13 data sources from 12 independent institutions specialising in governance and business climate analysis. From 2000 to 2011, scores ranged from 10 (highly clean) to 0 (highly corrupt). From 2012 onward, calculation of the score has used an updated methodology and is now presented on a scale from 100 (very clean) to 0 (highly corrupt). Due to this difference in methodology, scores from years prior to and including 2011 should not be compared with scores from 2012 onward. An economy's rank indicates its position relative to the other economies or territories included in the index. It is important to keep in mind that an economy’s rank can change simply because new economies enter the index or others drop out.",From 2000 to 2025,,,Transparency International,
Corruption Perceptions Index,Tajikistan,Score,...,...,...,1.8,2,2.1,2.2,2.1,2,2,2.1,2.3,22,22,23,26,25,21,25,25,25,25,24,20,19,...,"This index scores and ranks economies and territories based on how corrupt their public sector is perceived to be by experts and business executives. It is a composite index, a combination of surveys and assessments of corruption, collected by a variety of reputable institutions. The Corruption Perceptions Index draws on 13 data sources from 12 independent institutions specialising in governance and business climate analysis. From 2000 to 2011, scores ranged from 10 (highly clean) to 0 (highly corrupt). From 2012 onward, calculation of the score has used an updated methodology and is now presented on a scale from 100 (very clean) to 0 (highly corrupt). Due to this difference in methodology, scores from years prior to and including 2011 should not be compared with scores from 2012 onward. An economy's rank indicates its position relative to the other economies or territories included in the index. It is important to keep in mind that an economy’s rank can change simply because new economies enter the index or others drop out.",From 2000 to 2025,,,Transparency International,
Corruption Perceptions Index,Türkiye,Score,3.8,3.6,3.2,3.1,3.2,3.5,3.8,4.1,4.6,4.4,4.4,4.2,49,50,45,42,41,40,41,39,40,38,36,34,34,...,"This index scores and ranks economies and territories based on how corrupt their public sector is perceived to be by experts and business executives. It is a composite index, a combination of surveys and assessments of corruption, collected by a variety of reputable institutions. The Corruption Perceptions Index draws on 13 data sources from 12 independent institutions specialising in governance and business climate analysis. From 2000 to 2011, scores ranged from 10 (highly clean) to 0 (highly corrupt). From 2012 onward, calculation of the score has used an updated methodology and is now presented on a scale from 100 (very clean) to 0 (highly corrupt). Due to this difference in methodology, scores from years prior to and including 2011 should not be compared with scores from 2012 onward. An economy's rank indicates its position relative to the other economies or territories included in the index. It is important to keep in mind that an economy’s rank can change simply because new economies enter the index or others drop out.",From 2000 to 2025,,,Transparency International,
Corruption Perceptions Index,Turkmenistan,Score,...,...,...,...,2,1.8,2.2,2,1.8,1.8,1.6,1.6,17,17,17,18,22,19,20,19,19,19,19,18,17,...,"This index scores and ranks economies and territories based on how corrupt their public sector is perceived to be by experts and business executives. It is a composite index, a combination of surveys and assessments of corruption, collected by a variety of reputable institutions. The Corruption Perceptions Index draws on 13 data sources from 12 independent institutions specialising in governance and business climate analysis. From 2000 to 2011, scores ranged from 10 (highly clean) to 0 (highly corrupt). From 2012 onward, calculation of the score has used an updated methodology and is now presented on a scale from 100 (very clean) to 0 (highly corrupt). Due to this difference in methodology, scores from years prior to and including 2011 should not be compared with scores from 2012 onward. An economy's rank indicates its position relative to the other economies or territories included in the index. It is important to keep in mind that an economy’s rank can change simply because new economies enter the index or others drop out.",From 2000 to 2025,,,Transparency International,
Corruption Perceptions Index,Uzbekistan,Score,2.4,2.7,2.9,2.4,2.3,2.2,2.1,1.7,1.8,1.7,1.6,1.6,17,17,18,19,21,22,23,25,26,28,31,33,32,...,"This index scores and ranks economies and territories based on how corrupt their public sector is perceived to be by experts and business executives. It is a composite index, a combination of surveys and assessments of corruption, collected by a variety of reputable institutions. The Corruption Perceptions Index draws on 13 data sources from 12 independent institutions specialising in governance and business climate analysis. From 2000 to 2011, scores ranged from 10 (highly clean) to 0 (highly corrupt). From 2012 onward, calculation of the score has used an updated methodology and is now presented on a scale from 100 (very clean) to 0 (highly corrupt). Due to this difference in methodology, scores from years prior to and including 2011 should not be compared with scores from 2012 onward. An economy's rank indicates its position relative to the other economies or territories included in the index. It is important to keep in mind that an economy’s rank can change simply because new economies enter the index or others drop out.",From 2000 to 2025,,,Transparency International,
Corruption Perceptions Index,East Asia,,...,...,...,...,...,...,...,...,...,...,...,...,...,...,...,...,...,...,...,...,...,...,...,...,...,...,,,,,,
Corruption Perceptions Index,"China, People's Republic of",Score,3.1,3.5,3.5,3.4,3.4,3.2,3.3,3.5,3.6,3.6,3.5,3.6,39,40,36,37,40,41,39,41,42,45,45,42,43,...,"This index scores and ranks economies and territories based on how corrupt their public sector is perceived to be by experts and business executives. It is a composite index, a combination of surveys and assessments of corruption, collected by a variety of reputable institutions. The Corruption Perceptions Index draws on 13 data sources from 12 independent institutions specialising in governance and business climate analysis. From 2000 to 2011, scores ranged from 10 (highly clean) to 0 (highly corrupt). From 2012 onward, calculation of the score has used an updated methodology and is now presented on a scale from 100 (very clean) to 0 (highly corrupt). Due to this difference in methodology, scores from years prior to and including 2011 should not be compared with scores from 2012 onward. An economy's rank indicates its position relative to the other economies or territories included in the index. It is important to keep in mind that an economy’s rank can change simply because new economies enter the index or others drop out.",From 2000 to 2025,,,Transparency International,
Corruption Perceptions Index,"Hong Kong, China",Score,7.7,7.9,8.2,8,8,8.3,8.3,8.3,8.1,8.2,8.4,8.4,77,75,74,75,77,77,76,76,77,76,76,75,74,...,"This index scores and ranks economies and territories based on how corrupt their public sector is perceived to be by experts and business executives. It is a composite index, a combination of surveys and assessments of corruption, collected by a variety of reputable institutions. The Corruption Perceptions Index draws on 13 data sources from 12 independent institutions specialising in governance and business climate analysis. From 2000 to 2011, scores ranged from 10 (highly clean) to 0 (highly corrupt). From 2012 onward, calculation of the score has used an updated methodology and is now presented on a scale from 100 (very clean) to 0 (highly corrupt). Due to this difference in methodology, scores from years prior to and including 2011 should not be compared with scores from 2012 onward. An economy's rank indicates its position relative to the other economies or territories included in the index. It is important to keep in mind that an economy’s rank can change simply because new economies enter the index or others drop out.",From 2000 to 2025,,,Transparency International,
Corruption Perceptions Index,"Korea, Republic of",Score,4,4.2,4.5,4.3,4.5,5,5.1,5.1,5.6,5.5,5.4,5.4,56,55,55,54,53,54,57,59,61,62,63,63,64,...,"This index scores and ranks economies and territories based on how corrupt their public sector is perceived to be by experts and business executives. It is a composite index, a combination of surveys and assessments of corruption, collected by a variety of reputable institutions. The Corruption Perceptions Index draws on 13 data sources from 12 independent institutions specialising in governance and business climate analysis. From 2000 to 2011, scores ranged from 10 (highly clean) to 0 (highly corrupt). From 2012 onward, calculation of the score has used an updated methodology and is now presented on a scale from 100 (very clean) to 0 (highly corrupt). Due to this difference in methodology, scores from years prior to and including 2011 should not be compared with scores from 2012 onward. An economy's rank indicates its position relative to the other economies or territories included in the index. It is important to keep in mind that an economy’s rank can change simply because new economies enter the index or others drop out.",From 2000 to 2025,,,Transparency International,
Corruption Perceptions Index,Mongolia,Score,...,...,...,...,3,3,2.8,3,3,2.7,2.7,2.7,36,38,39,39,38,36,37,35,35,35,33,33,33,...,"This index scores and ranks economies and territories based on how corrupt their public sector is perceived to be by experts and business executives. It is a composite index, a combination of surveys and assessments of corruption, collected by a variety of reputable institutions. The Corruption Perceptions Index draws on 13 data sources from 12 independent institutions specialising in governance and business climate analysis. From 2000 to 2011, scores ranged from 10 (highly clean) to 0 (highly corrupt). From 2012 onward, calculation of the score has used an updated methodology and is now presented on a scale from 100 (very clean) to 0 (highly corrupt). Due to this difference in methodology, scores from years prior to and including 2011 should not be compared with scores from 2012 onward. An economy's rank indicates its position relative to the other economies or territories included in the index. It is important to keep in mind that an economy’s rank can change simply because new economies enter the index or others drop out.",From 2000 to 2025,,,Transparency International,
Corruption Perceptions Index,"Taipei,China",Score,5.5,5.9,5.6,5.7,5.6,5.9,5.9,5.7,5.7,5.6,5.8,6.1,61,61,61,62,61,63,63,65,65,68,68,67,67,...,"This index scores and ranks economies and territories based on how corrupt their public sector is perceived to be by experts and business executives. It is a composite index, a combination of surveys and assessments of corruption, collected by a variety of reputable institutions. The Corruption Perceptions Index draws on 13 data sources from 12 independent institutions specialising in governance and business climate analysis. From 2000 to 2011, scores ranged from 10 (highly clean) to 0 (highly corrupt). From 2012 onward, calculation of the score has used an updated methodology and is now presented on a scale from 100 (very clean) to 0 (highly corrupt). Due to this difference in methodology, scores from years prior to and including 2011 should not be compared with scores from 2012 onward. An economy's rank indicates its position relative to the other economies or territories included in the index. It is important to keep in mind that an economy’s rank can change simply because new economies enter the index or others drop out.",From 2000 to 2025,,,Transparency International,
Corruption Perceptions Index,South Asia,,...,...,...,...,...,...,...,...,...,...,...,...,...,...,...,...,...,...,...,...,...,...,...,...,...,...,,,,,,
Corruption Perceptions Index,Bangladesh,Score,...,0.4,1.2,1.3,1.5,1.7,2,2,2.1,2.4,2.4,2.7,26,27,25,25,26,28,26,26,26,26,25,24,23,...,"This index scores and ranks economies and territories based on how corrupt their public sector is perceived to be by experts and business executives. It is a composite index, a combination of surveys and assessments of corruption, collected by a variety of reputable institutions. The Corruption Perceptions Index draws on 13 data sources from 12 independent institutions specialising in governance and business climate analysis. From 2000 to 2011, scores ranged from 10 (highly clean) to 0 (highly corrupt). From 2012 onward, calculation of the score has used an updated methodology and is now presented on a scale from 100 (very clean) to 0 (highly corrupt). Due to this difference in methodology, scores from years prior to and including 2011 should not be compared with scores from 2012 onward. An economy's rank indicates its position relative to the other economies or territories included in the index. It is important to keep in mind that an economy’s rank can change simply because new economies enter the index or others drop out.",From 2000 to 2025,,,Transparency International,
Corruption Perceptions Index,Bhutan,Score,...,...,...,...,...,...,6,5,5.2,5,5.7,5.7,63,63,65,65,65,67,68,68,68,68,68,68,72,...,"This index scores and ranks economies and territories based on how corrupt their public sector is perceived to be by experts and business executives. It is a composite index, a combination of surveys and assessments of corruption, collected by a variety of reputable institutions. The Corruption Perceptions Index draws on 13 data sources from 12 independent institutions specialising in governance and business climate analysis. From 2000 to 2011, scores ranged from 10 (highly clean) to 0 (highly corrupt). From 2012 onward, calculation of the score has used an updated methodology and is now presented on a scale from 100 (very clean) to 0 (highly corrupt). Due to this difference in methodology, scores from years prior to and including 2011 should not be compared with scores from 2012 onward. An economy's rank indicates its position relative to the other economies or territories included in the index. It is important to keep in mind that an economy’s rank can change simply because new economies enter the index or others drop out.",From 2000 to 2025,,,Transparency International,
Corruption Perceptions Index,India,Score,2.8,2.7,2.7,2.8,2.8,2.9,3.3,3.5,3.4,3.4,3.3,3.1,36,36,38,38,40,40,41,41,40,40,40,39,38,...,"This index scores and ranks economies and territories based on how corrupt their public sector is perceived to be by experts and business executives. It is a composite index, a combination of surveys and assessments of corruption, collected by a variety of reputable institutions. The Corruption Perceptions Index draws on 13 data sources from 12 independent institutions specialising in governance and business climate analysis. From 2000 to 2011, scores ranged from 10 (highly clean) to 0 (highly corrupt). From 2012 onward, calculation of the score has used an updated methodology and is now presented on a scale from 100 (very clean) to 0 (highly corrupt). Due to this difference in methodology, scores from years prior to and including 2011 should not be compared with scores from 2012 onward. An economy's rank indicates its position relative to the other economies or territories included in the index. It is important to keep in mind that an economy’s rank can change simply because new economies enter the index or others drop out.",From 2000 to 2025,,,Transparency International,
Corruption Perceptions Index,Maldives,Score,...,...,...,...,...,...,...,3.3,2.8,2.5,2.3,2.5,...,...,...,...,36,33,31,29,43,40,40,39,38,...,"This index scores and ranks economies and territories based on how corrupt their public sector is perceived to be by experts and business executives. It is a composite index, a combination of surveys and assessments of corruption, collected by a variety of reputable institutions. The Corruption Perceptions Index draws on 13 data sources from 12 independent institutions specialising in governance and business climate analysis. From 2000 to 2011, scores ranged from 10 (highly clean) to 0 (highly corrupt). From 2012 onward, calculation of the score has used an updated methodology and is now presented on a scale from 100 (very clean) to 0 (highly corrupt). Due to this difference in methodology, scores from years prior to and including 2011 should not be compared with scores from 2012 onward. An economy's rank indicates its position relative to the other economies or territories included in the index. It is important to keep in mind that an economy’s rank can change simply because new economies enter the index or others drop out.",From 2000 to 2025,,,Transparency International,
Corruption Perceptions Index,Nepal,Score,...,...,...,...,2.8,2.5,2.5,2.5,2.7,2.3,2.2,2.2,27,31,29,27,29,31,31,34,33,33,34,35,34,...,"This index scores and ranks economies and territories based on how corrupt their public sector is perceived to be by experts and business executives. It is a composite index, a combination of surveys and assessments of corruption, collected by a variety of reputable institutions. The Corruption Perceptions Index draws on 13 data sources from 12 independent institutions specialising in governance and business climate analysis. From 2000 to 2011, scores ranged from 10 (highly clean) to 0 (highly corrupt). From 2012 onward, calculation of the score has used an updated methodology and is now presented on a scale from 100 (very clean) to 0 (highly corrupt). Due to this difference in methodology, scores from years prior to and including 2011 should not be compared with scores from 2012 onward. An economy's rank indicates its position relative to the other economies or territories included in the index. It is important to keep in mind that an economy’s rank can change simply because new economies enter the index or others drop out.",From 2000 to 2025,,,Transparency International,
Corruption Perceptions Index,Sri Lanka,Score,...,...,3.7,3.4,3.5,3.2,3.1,3.2,3.2,3.1,3.2,3.3,40,37,38,37,36,38,38,38,38,37,36,34,32,...,"This index scores and ranks economies and territories based on how corrupt their public sector is perceived to be by experts and business executives. It is a composite index, a combination of surveys and assessments of corruption, collected by a variety of reputable institutions. The Corruption Perceptions Index draws on 13 data sources from 12 independent institutions specialising in governance and business climate analysis. From 2000 to 2011, scores ranged from 10 (highly clean) to 0 (highly corrupt). From 2012 onward, calculation of the score has used an updated methodology and is now presented on a scale from 100 (very clean) to 0 (highly corrupt). Due to this difference in methodology, scores from years prior to and including 2011 should not be compared with scores from 2012 onward. An economy's rank indicates its position relative to the other economies or territories included in the index. It is important to keep in mind that an economy’s rank can change simply because new economies enter the index or others drop out.",From 2000 to 2025,,,Transparency International,
Corruption Perceptions Index,Southeast Asia,,...,...,...,...,...,...,...,...,...,...,...,...,...,...,...,...,...,...,...,...,...,...,...,...,...,...,,,,,,
Corruption Perceptions Index,Brunei Darussalam,Score,...,...,...,...,...,...,...,...,...,5.5,5.5,5.2,55,60,...,...,58,62,63,60,60,...,...,...,...,...,"This index scores and ranks economies and territories based on how corrupt their public sector is perceived to be by experts and business executives. It is a composite index, a combination of surveys and assessments of corruption, collected by a variety of reputable institutions. The Corruption Perceptions Index draws on 13 data sources from 12 independent institutions specialising in governance and business climate analysis. From 2000 to 2011, scores ranged from 10 (highly clean) to 0 (highly corrupt). From 2012 onward, calculation of the score has used an updated methodology and is now presented on a scale from 100 (very clean) to 0 (highly corrupt). Due to this difference in methodology, scores from years prior to and including 2011 should not be compared with scores from 2012 onward. An economy's rank indicates its position relative to the other economies or territories included in the index. It is important to keep in mind that an economy’s rank can change simply because new economies enter the index or others drop out.",From 2000 to 2025,,,Transparency International,
Corruption Perceptions Index,Cambodia,Score,...,...,...,...,...,2.3,2.1,2,1.8,2,2.1,2.1,22,20,21,21,21,21,20,20,21,23,24,22,21,...,"This index scores and ranks economies and territories based on how corrupt their public sector is perceived to be by experts and business executives. It is a composite index, a combination of surveys and assessments of corruption, collected by a variety of reputable institutions. The Corruption Perceptions Index draws on 13 data sources from 12 independent institutions specialising in governance and business climate analysis. From 2000 to 2011, scores ranged from 10 (highly clean) to 0 (highly corrupt). From 2012 onward, calculation of the score has used an updated methodology and is now presented on a scale from 100 (very clean) to 0 (highly corrupt). Due to this difference in methodology, scores from years prior to and including 2011 should not be compared with scores from 2012 onward. An economy's rank indicates its position relative to the other economies or territories included in the index. It is important to keep in mind that an economy’s rank can change simply because new economies enter the index or others drop out.",From 2000 to 2025,,,Transparency International,
Corruption Perceptions Index,Indonesia,Score,1.7,1.9,1.9,1.9,2,2.2,2.4,2.3,2.6,2.8,2.8,3,32,32,34,36,37,37,38,40,37,38,34,34,37,...,"This index scores and ranks economies and territories based on how corrupt their public sector is perceived to be by experts and business executives. It is a composite index, a combination of surveys and assessments of corruption, collected by a variety of reputable institutions. The Corruption Perceptions Index draws on 13 data sources from 12 independent institutions specialising in governance and business climate analysis. From 2000 to 2011, scores ranged from 10 (highly clean) to 0 (highly corrupt). From 2012 onward, calculation of the score has used an updated methodology and is now presented on a scale from 100 (very clean) to 0 (highly corrupt). Due to this difference in methodology, scores from years prior to and including 2011 should not be compared with scores from 2012 onward. An economy's rank indicates its position relative to the other economies or territories included in the index. It is important to keep in mind that an economy’s rank can change simply because new economies enter the index or others drop out.",From 2000 to 2025,,,Transparency International,
Corruption Perceptions Index,Lao People's Democratic Republic,Score,...,...,...,...,...,3.3,2.6,1.9,2,2,2.1,2.2,21,26,25,25,30,29,29,29,29,30,31,28,33,...,"This index scores and ranks economies and territories based on how corrupt their public sector is perceived to be by experts and business executives. It is a composite index, a combination of surveys and assessments of corruption, collected by a variety of reputable institutions. The Corruption Perceptions Index draws on 13 data sources from 12 independent institutions specialising in governance and business climate analysis. From 2000 to 2011, scores ranged from 10 (highly clean) to 0 (highly corrupt). From 2012 onward, calculation of the score has used an updated methodology and is now presented on a scale from 100 (very clean) to 0 (highly corrupt). Due to this difference in methodology, scores from years prior to and including 2011 should not be compared with scores from 2012 onward. An economy's rank indicates its position relative to the other economies or territories included in the index. It is important to keep in mind that an economy’s rank can change simply because new economies enter the index or others drop out.",From 2000 to 2025,,,Transparency International,
Corruption Perceptions Index,Malaysia,Score,4.8,5,4.9,5.2,5,5.1,5,5.1,5.1,4.5,4.4,4.3,49,50,52,50,49,47,47,53,51,48,47,50,50,...,"This index scores and ranks economies and territories based on how corrupt their public sector is perceived to be by experts and business executives. It is a composite index, a combination of surveys and assessments of corruption, collected by a variety of reputable institutions. The Corruption Perceptions Index draws on 13 data sources from 12 independent institutions specialising in governance and business climate analysis. From 2000 to 2011, scores ranged from 10 (highly clean) to 0 (highly corrupt). From 2012 onward, calculation of the score has used an updated methodology and is now presented on a scale from 100 (very clean) to 0 (highly corrupt). Due to this difference in methodology, scores from years prior to and including 2011 should not be compared with scores from 2012 onward. An economy's rank indicates its position relative to the other economies or territories included in the index. It is important to keep in mind that an economy’s rank can change simply because new economies enter the index or others drop out.",From 2000 to 2025,,,Transparency International,
Corruption Perceptions Index,Myanmar,Score,...,...,...,1.6,1.7,1.8,1.9,1.4,1.3,1.4,1.4,1.5,15,21,21,22,28,30,29,29,28,28,23,20,16,...,"This index scores and ranks economies and territories based on how corrupt their public sector is perceived to be by experts and business executives. It is a composite index, a combination of surveys and assessments of corruption, collected by a variety of reputable institutions. The Corruption Perceptions Index draws on 13 data sources from 12 independent institutions specialising in governance and business climate analysis. From 2000 to 2011, scores ranged from 10 (highly clean) to 0 (highly corrupt). From 2012 onward, calculation of the score has used an updated methodology and is now presented on a scale from 100 (very clean) to 0 (highly corrupt). Due to this difference in methodology, scores from years prior to and including 2011 should not be compared with scores from 2012 onward. An economy's rank indicates its position relative to the other economies or territories included in the index. It is important to keep in mind that an economy’s rank can change simply because new economies enter the index or others drop out.",From 2000 to 2025,,,Transparency International,
Corruption Perceptions Index,Philippines,Score,2.8,2.9,2.6,2.5,2.6,2.5,2.5,2.5,2.3,2.4,2.4,2.6,34,36,38,35,35,34,36,34,34,33,33,34,33,...,"This index scores and ranks economies and territories based on how corrupt their public sector is perceived to be by experts and business executives. It is a composite index, a combination of surveys and assessments of corruption, collected by a variety of reputable institutions. The Corruption Perceptions Index draws on 13 data sources from 12 independent institutions specialising in governance and business climate analysis. From 2000 to 2011, scores ranged from 10 (highly clean) to 0 (highly corrupt). From 2012 onward, calculation of the score has used an updated methodology and is now presented on a scale from 100 (very clean) to 0 (highly corrupt). Due to this difference in methodology, scores from years prior to and including 2011 should not be compared with scores from 2012 onward. An economy's rank indicates its position relative to the other economies or territories included in the index. It is important to keep in mind that an economy’s rank can change simply because new economies enter the index or others drop out.",From 2000 to 2025,,,Transparency International,
Corruption Perceptions Index,Singapore,Score,9.1,9.2,9.3,9.4,9.3,9.4,9.4,9.3,9.2,9.2,9.3,9.2,87,86,84,85,84,84,85,85,85,85,83,83,84,...,"This index scores and ranks economies and territories based on how corrupt their public sector is perceived to be by experts and business executives. It is a composite index, a combination of surveys and assessments of corruption, collected by a variety of reputable institutions. The Corruption Perceptions Index draws on 13 data sources from 12 independent institutions specialising in governance and business climate analysis. From 2000 to 2011, scores ranged from 10 (highly clean) to 0 (highly corrupt). From 2012 onward, calculation of the score has used an updated methodology and is now presented on a scale from 100 (very clean) to 0 (highly corrupt). Due to this difference in methodology, scores from years prior to and including 2011 should not be compared with scores from 2012 onward. An economy's rank indicates its position relative to the other economies or territories included in the index. It is important to keep in mind that an economy’s rank can change simply because new economies enter the index or others drop out.",From 2000 to 2025,,,Transparency International,
Corruption Perceptions Index,Thailand,Score,3.2,3.2,3.2,3.3,3.6,3.8,3.6,3.3,3.5,3.4,3.5,3.4,37,35,38,38,35,37,36,36,36,35,36,35,34,...,"This index scores and ranks economies and territories based on how corrupt their public sector is perceived to be by experts and business executives. It is a composite index, a combination of surveys and assessments of corruption, collected by a variety of reputable institutions. The Corruption Perceptions Index draws on 13 data sources from 12 independent institutions specialising in governance and business climate analysis. From 2000 to 2011, scores ranged from 10 (highly clean) to 0 (highly corrupt). From 2012 onward, calculation of the score has used an updated methodology and is now presented on a scale from 100 (very clean) to 0 (highly corrupt). Due to this difference in methodology, scores from years prior to and including 2011 should not be compared with scores from 2012 onward. An economy's rank indicates its position relative to the other economies or territories included in the index. It is important to keep in mind that an economy’s rank can change simply because new economies enter the index or others drop out.",From 2000 to 2025,,,Transparency International,
Corruption Perceptions Index,Timor-Leste,Score,...,...,...,...,...,...,2.6,2.6,2.2,2.2,2.5,2.4,33,30,28,28,35,38,35,38,40,41,42,43,44,...,"This index scores and ranks economies and territories based on how corrupt their public sector is perceived to be by experts and business executives. It is a composite index, a combination of surveys and assessments of corruption, collected by a variety of reputable institutions. The Corruption Perceptions Index draws on 13 data sources from 12 independent institutions specialising in governance and business climate analysis. From 2000 to 2011, scores ranged from 10 (highly clean) to 0 (highly corrupt). From 2012 onward, calculation of the score has used an updated methodology and is now presented on a scale from 100 (very clean) to 0 (highly corrupt). Due to this difference in methodology, scores from years prior to and including 2011 should not be compared with scores from 2012 onward. An economy's rank indicates its position relative to the other economies or territories included in the index. It is important to keep in mind that an economy’s rank can change simply because new economies enter the index or others drop out.",From 2000 to 2025,,,Transparency International,
Corruption Perceptions Index,Viet Nam,Score,2.5,2.6,2.4,2.4,2.6,2.6,2.6,2.6,2.7,2.7,2.7,2.9,31,31,31,31,33,35,33,37,36,39,42,41,40,...,"This index scores and ranks economies and territories based on how corrupt their public sector is perceived to be by experts and business executives. It is a composite index, a combination of surveys and assessments of corruption, collected by a variety of reputable institutions. The Corruption Perceptions Index draws on 13 data sources from 12 independent institutions specialising in governance and business climate analysis. From 2000 to 2011, scores ranged from 10 (highly clean) to 0 (highly corrupt). From 2012 onward, calculation of the score has used an updated methodology and is now presented on a scale from 100 (very clean) to 0 (highly corrupt). Due to this difference in methodology, scores from years prior to and including 2011 should not be compared with scores from 2012 onward. An economy's rank indicates its position relative to the other economies or territories included in the index. It is important to keep in mind that an economy’s rank can change simply because new economies enter the index or others drop out.",From 2000 to 2025,,,Transparency International,
Corruption Perceptions Index,The Pacific,,...,...,...,...,...,...,...,...,...,...,...,...,...,...,...,...,...,...,...,...,...,...,...,...,...,...,,,,,,
Corruption Perceptions Index,Cook Islands,,...,...,...,...,...,...,...,...,...,...,...,...,...,...,...,...,...,...,...,...,...,...,...,...,...,...,,,,,,
Corruption Perceptions Index,Fiji,Score,...,...,...,...,...,4,...,...,...,...,...,...,...,...,...,...,...,...,...,...,...,55,53,52,55,...,"This index scores and ranks economies and territories based on how corrupt their public sector is perceived to be by experts and business executives. It is a composite index, a combination of surveys and assessments of corruption, collected by a variety of reputable institutions. The Corruption Perceptions Index draws on 13 data sources from 12 independent institutions specialising in governance and business climate analysis. From 2000 to 2011, scores ranged from 10 (highly clean) to 0 (highly corrupt). From 2012 onward, calculation of the score has used an updated methodology and is now presented on a scale from 100 (very clean) to 0 (highly corrupt). Due to this difference in methodology, scores from years prior to and including 2011 should not be compared with scores from 2012 onward. An economy's rank indicates its position relative to the other economies or territories included in the index. It is important to keep in mind that an economy’s rank can change simply because new economies enter the index or others drop out.",From 2000 to 2025,,,Transparency International,
Corruption Perceptions Index,Kiribati,Score,...,...,...,...,...,...,...,3.3,3.1,2.8,3.2,3.1,...,...,...,...,...,...,...,...,...,...,...,...,...,...,"This index scores and ranks economies and territories based on how corrupt their public sector is perceived to be by experts and business executives. It is a composite index, a combination of surveys and assessments of corruption, collected by a variety of reputable institutions. The Corruption Perceptions Index draws on 13 data sources from 12 independent institutions specialising in governance and business climate analysis. From 2000 to 2011, scores ranged from 10 (highly clean) to 0 (highly corrupt). From 2012 onward, calculation of the score has used an updated methodology and is now presented on a scale from 100 (very clean) to 0 (highly corrupt). Due to this difference in methodology, scores from years prior to and including 2011 should not be compared with scores from 2012 onward. An economy's rank indicates its position relative to the other economies or territories included in the index. It is important to keep in mind that an economy’s rank can change simply because new economies enter the index or others drop out.",From 2000 to 2025,,,Transparency International,
Corruption Perceptions Index,Marshall Islands,,...,...,...,...,...,...,...,...,...,...,...,...,...,...,...,...,...,...,...,...,...,...,...,...,...,...,,,,,,
Corruption Perceptions Index,"Micronesia, Federated States of",,...,...,...,...,...,...,...,...,...,...,...,...,...,...,...,...,...,...,...,...,...,...,...,...,...,...,,,,,,
Corruption Perceptions Index,Nauru,,...,...,...,...,...,...,...,...,...,...,...,...,...,...,...,...,...,...,...,...,...,...,...,...,...,...,,,,,,
Corruption Perceptions Index,Niue,,...,...,...,...,...,...,...,...,...,...,...,...,...,...,...,...,...,...,...,...,...,...,...,...,...,...,,,,,,
Corruption Perceptions Index,Palau,,...,...,...,...,...,...,...,...,...,...,...,...,...,...,...,...,...,...,...,...,...,...,...,...,...,...,,,,,,
Corruption Perceptions Index,Papua New Guinea,Score,...,...,...,2.1,2.6,2.3,2.4,2,2,2.1,2.1,2.2,25,25,25,25,28,29,28,28,27,31,30,29,31,...,"This index scores and ranks economies and territories based on how corrupt their public sector is perceived to be by experts and business executives. It is a composite index, a combination of surveys and assessments of corruption, collected by a variety of reputable institutions. The Corruption Perceptions Index draws on 13 data sources from 12 independent institutions specialising in governance and business climate analysis. From 2000 to 2011, scores ranged from 10 (highly clean) to 0 (highly corrupt). From 2012 onward, calculation of the score has used an updated methodology and is now presented on a scale from 100 (very clean) to 0 (highly corrupt). Due to this difference in methodology, scores from years prior to and including 2011 should not be compared with scores from 2012 onward. An economy's rank indicates its position relative to the other economies or territories included in the index. It is important to keep in mind that an economy’s rank can change simply because new economies enter the index or others drop out.",From 2000 to 2025,,,Transparency International,
Corruption Perceptions Index,Samoa,Score,...,...,...,...,...,...,...,4.5,4.4,4.5,4.1,3.9,...,...,...,...,...,...,...,...,...,...,...,...,...,...,"This index scores and ranks economies and territories based on how corrupt their public sector is perceived to be by experts and business executives. It is a composite index, a combination of surveys and assessments of corruption, collected by a variety of reputable institutions. The Corruption Perceptions Index draws on 13 data sources from 12 independent institutions specialising in governance and business climate analysis. From 2000 to 2011, scores ranged from 10 (highly clean) to 0 (highly corrupt). From 2012 onward, calculation of the score has used an updated methodology and is now presented on a scale from 100 (very clean) to 0 (highly corrupt). Due to this difference in methodology, scores from years prior to and including 2011 should not be compared with scores from 2012 onward. An economy's rank indicates its position relative to the other economies or territories included in the index. It is important to keep in mind that an economy’s rank can change simply because new economies enter the index or others drop out.",From 2000 to 2025,,,Transparency International,
Corruption Perceptions Index,Solomon Islands,Score,...,...,...,...,...,...,...,2.8,2.9,2.8,2.8,2.7,...,...,...,...,42,39,44,42,42,43,42,43,43,...,"This index scores and ranks economies and territories based on how corrupt their public sector is perceived to be by experts and business executives. It is a composite index, a combination of surveys and assessments of corruption, collected by a variety of reputable institutions. The Corruption Perceptions Index draws on 13 data sources from 12 independent institutions specialising in governance and business climate analysis. From 2000 to 2011, scores ranged from 10 (highly clean) to 0 (highly corrupt). From 2012 onward, calculation of the score has used an updated methodology and is now presented on a scale from 100 (very clean) to 0 (highly corrupt). Due to this difference in methodology, scores from years prior to and including 2011 should not be compared with scores from 2012 onward. An economy's rank indicates its position relative to the other economies or territories included in the index. It is important to keep in mind that an economy’s rank can change simply because new economies enter the index or others drop out.",From 2000 to 2025,,,Transparency International,
Corruption Perceptions Index,Tonga,Score,...,...,...,...,...,...,...,1.7,2.4,3,3,3.1,...,...,...,...,...,...,...,...,...,...,...,...,...,...,"This index scores and ranks economies and territories based on how corrupt their public sector is perceived to be by experts and business executives. It is a composite index, a combination of surveys and assessments of corruption, collected by a variety of reputable institutions. The Corruption Perceptions Index draws on 13 data sources from 12 independent institutions specialising in governance and business climate analysis. From 2000 to 2011, scores ranged from 10 (highly clean) to 0 (highly corrupt). From 2012 onward, calculation of the score has used an updated methodology and is now presented on a scale from 100 (very clean) to 0 (highly corrupt). Due to this difference in methodology, scores from years prior to and including 2011 should not be compared with scores from 2012 onward. An economy's rank indicates its position relative to the other economies or territories included in the index. It is important to keep in mind that an economy’s rank can change simply because new economies enter the index or others drop out.",From 2000 to 2025,,,Transparency International,
Corruption Perceptions Index,Tuvalu,,...,...,...,...,...,...,...,...,...,...,...,...,...,...,...,...,...,...,...,...,...,...,...,...,...,...,,,,,,
Corruption Perceptions Index,Vanuatu,Score,...,...,...,...,...,...,...,3.1,2.9,3.2,3.6,3.5,...,...,...,...,...,43,46,46,43,45,48,48,50,...,"This index scores and ranks economies and territories based on how corrupt their public sector is perceived to be by experts and business executives. It is a composite index, a combination of surveys and assessments of corruption, collected by a variety of reputable institutions. The Corruption Perceptions Index draws on 13 data sources from 12 independent institutions specialising in governance and business climate analysis. From 2000 to 2011, scores ranged from 10 (highly clean) to 0 (highly corrupt). From 2012 onward, calculation of the score has used an updated methodology and is now presented on a scale from 100 (very clean) to 0 (highly corrupt). Due to this difference in methodology, scores from years prior to and including 2011 should not be compared with scores from 2012 onward. An economy's rank indicates its position relative to the other economies or territories included in the index. It is important to keep in mind that an economy’s rank can change simply because new economies enter the index or others drop out.",From 2000 to 2025,,,Transparency International,
Corruption Perceptions Index,Developed ADB Member Economies,,...,...,...,...,...,...,...,...,...,...,...,...,...,...,...,...,...,...,...,...,...,...,...,...,...,...,,,,,,
Corruption Perceptions Index,Australia,Score,8.3,8.5,8.6,8.8,8.8,8.8,8.7,8.6,8.7,8.7,8.7,8.8,85,81,80,79,79,77,77,77,77,73,75,75,77,...,"This index scores and ranks economies and territories based on how corrupt their public sector is perceived to be by experts and business executives. It is a composite index, a combination of surveys and assessments of corruption, collected by a variety of reputable institutions. The Corruption Perceptions Index draws on 13 data sources from 12 independent institutions specialising in governance and business climate analysis. From 2000 to 2011, scores ranged from 10 (highly clean) to 0 (highly corrupt). From 2012 onward, calculation of the score has used an updated methodology and is now presented on a scale from 100 (very clean) to 0 (highly corrupt). Due to this difference in methodology, scores from years prior to and including 2011 should not be compared with scores from 2012 onward. An economy's rank indicates its position relative to the other economies or territories included in the index. It is important to keep in mind that an economy’s rank can change simply because new economies enter the index or others drop out.",From 2000 to 2025,,,Transparency International,
Corruption Perceptions Index,Japan,Score,6.4,7.1,7.1,7,6.9,7.3,7.6,7.5,7.3,7.7,7.8,8,74,74,76,75,72,73,73,73,74,73,73,73,71,...,"This index scores and ranks economies and territories based on how corrupt their public sector is perceived to be by experts and business executives. It is a composite index, a combination of surveys and assessments of corruption, collected by a variety of reputable institutions. The Corruption Perceptions Index draws on 13 data sources from 12 independent institutions specialising in governance and business climate analysis. From 2000 to 2011, scores ranged from 10 (highly clean) to 0 (highly corrupt). From 2012 onward, calculation of the score has used an updated methodology and is now presented on a scale from 100 (very clean) to 0 (highly corrupt). Due to this difference in methodology, scores from years prior to and including 2011 should not be compared with scores from 2012 onward. An economy's rank indicates its position relative to the other economies or territories included in the index. It is important to keep in mind that an economy’s rank can change simply because new economies enter the index or others drop out.",From 2000 to 2025,,,Transparency International,
Corruption Perceptions Index,New Zealand,Score,9.4,9.4,9.5,9.5,9.6,9.6,9.6,9.4,9.3,9.4,9.3,9.5,90,91,91,91,90,89,87,87,88,88,87,85,83,...,"This index scores and ranks economies and territories based on how corrupt their public sector is perceived to be by experts and business executives. It is a composite index, a combination of surveys and assessments of corruption, collected by a variety of reputable institutions. The Corruption Perceptions Index draws on 13 data sources from 12 independent institutions specialising in governance and business climate analysis. From 2000 to 2011, scores ranged from 10 (highly clean) to 0 (highly corrupt). From 2012 onward, calculation of the score has used an updated methodology and is now presented on a scale from 100 (very clean) to 0 (highly corrupt). Due to this difference in methodology, scores from years prior to and including 2011 should not be compared with scores from 2012 onward. An economy's rank indicates its position relative to the other economies or territories included in the index. It is important to keep in mind that an economy’s rank can change simply because new economies enter the index or others drop out.",From 2000 to 2025,,,Transparency International,